id,custom_label_4
1607,nevykonne
3258,nevykonne
3143,nevykonne
373,nevykonne
2658,nevykonne
1266,nevykonne
2092,nevykonne
3366,nevykonne
2160,nevykonne
3371,nevykonne
3015,nevykonne
1746,nevykonne
3707,nevykonne
3165,nevykonne
2145,nevykonne
3058,nevykonne
2967,nevykonne
1331,nevykonne
1385,nevykonne
2822,nevykonne
3717,nevykonne
716,nevykonne
316,nevykonne
372,nevykonne
718,nevykonne
982,nevykonne
3176,nevykonne
1535,nevykonne
1516,nevykonne
3321,nevykonne
3623,nevykonne
3643,nevykonne
3308,nevykonne
2709,nevykonne
1966,nevykonne
1246,nevykonne
1602,nevykonne
3227,nevykonne
2302,nevykonne
1328,nevykonne
620,nevykonne
3387,nevykonne
362,nevykonne
421,nevykonne
3540,nevykonne
2921,nevykonne
1893,nevykonne
2995,nevykonne
1042,nevykonne
94,nevykonne
766,nevykonne
3059,nevykonne
2952,nevykonne
965,nevykonne
2231,nevykonne
3418,nevykonne
2704,nevykonne
1270,nevykonne
2876,nevykonne
3399,nevykonne
1992,nevykonne
2627,nevykonne
3007,nevykonne
2674,nevykonne
3280,nevykonne
905,nevykonne
3295,nevykonne
1574,nevykonne
3449,nevykonne
1384,nevykonne
1257,nevykonne
3705,nevykonne
2744,nevykonne
3382,nevykonne
2125,nevykonne
1041,nevykonne
3558,nevykonne
3695,nevykonne
3429,nevykonne
882,nevykonne
2667,nevykonne
1832,nevykonne
2364,nevykonne
2770,nevykonne
874,nevykonne
596,nevykonne
3591,nevykonne
1880,nevykonne
3462,nevykonne
3148,nevykonne
703,nevykonne
2149,nevykonne
3322,nevykonne
3301,nevykonne
3534,nevykonne
410,nevykonne
3284,nevykonne
3278,nevykonne
913,nevykonne
3593,nevykonne
1386,nevykonne
2235,nevykonne
1925,nevykonne
622,nevykonne
3191,nevykonne
375,nevykonne
567,nevykonne
817,nevykonne
355,nevykonne
3293,nevykonne
3357,nevykonne
610,nevykonne
467,nevykonne
1943,nevykonne
3539,nevykonne
886,nevykonne
1347,nevykonne
1309,nevykonne
1745,nevykonne
1774,nevykonne
562,nevykonne
3414,nevykonne
3608,nevykonne
2232,nevykonne
3370,nevykonne
1741,nevykonne
981,nevykonne
2743,nevykonne
3374,nevykonne
3589,nevykonne
3337,nevykonne
1896,nevykonne
3240,nevykonne
3338,nevykonne
2707,nevykonne
1021,nevykonne
2764,nevykonne
2939,nevykonne
2304,nevykonne
3442,nevykonne
765,nevykonne
2818,nevykonne
3136,nevykonne
1026,nevykonne
2229,nevykonne
3283,nevykonne
3219,nevykonne
1502,nevykonne
1510,nevykonne
2813,nevykonne
2639,nevykonne
612,nevykonne
607,nevykonne
722,nevykonne
3590,nevykonne
365,nevykonne
1307,nevykonne
3386,nevykonne
2124,nevykonne
437,nevykonne
775,nevykonne
3207,nevykonne
1747,nevykonne
2947,nevykonne
3195,nevykonne
568,nevykonne
1357,nevykonne
631,nevykonne
2683,nevykonne
45,nevykonne
418,nevykonne
1285,nevykonne
1283,nevykonne
915,nevykonne
2629,nevykonne
3054,nevykonne
3109,nevykonne
334,nevykonne
1358,nevykonne
3569,nevykonne
2404,nevykonne
582,nevykonne
1694,nevykonne
787,nevykonne
3196,nevykonne
3094,nevykonne
2950,nevykonne
2882,nevykonne
3305,nevykonne
1961,nevykonne
732,nevykonne
2620,nevykonne
776,nevykonne
3507,nevykonne
2307,nevykonne
3334,nevykonne
1759,nevykonne
1703,nevykonne
192,nevykonne
3434,nevykonne
3099,nevykonne
3671,nevykonne
2607,nevykonne
1360,nevykonne
3369,nevykonne
3056,nevykonne
2345,nevykonne
